"app_name","content_id","category_id","device_id"
"half-slouched having","22dfac9721b899cb","Y-8",3
"lift whale-ships","7c645810cd7f166e","M-7",3
"mightily community","c495bcb878faffaa","Y-8",2
"session: too--shall","4e683dcd461cdd22","Y-8",1
"That Zoology","6473dd29a2badbf1","Y-8",3
"HORIZONTAL provided","47a405447e564935","M-7",3
"careful!--come stubbornly","ee013dcbf9ecc2b1","Y-8",3
"60 penetrate","89fd9fe5a537a664","Q-1",2
"pro- chick","a287d248d66f915b","Z-1",1
"Bang background","1c85ae3c9505ff55","Y-8",3
"LIABILITY Lents","5b1edac2b541b03f","Z-1",3
"expansive utter","947d085ce02c9b0e","Z-1",3
"noting Dry","3e8d4ceb1d7294c4","M-7",3
"bunk bringing","019008a4dabf7c93","Z-1",3
"tides multitudinously","83f2675cd07166c3","Y-8",3
"unobservant sorts","04d7461141bb1485","Z-1",3
"carking Seas;","ba085f3f7d694e44","Q-1",3
"insular veins","f572617dd6cd6c08","Q-1",3
"sarmon files","2202e50f0054aea8","M-7",3
"Jonah? LAY","605713cb904dc5da","Z-1",1
"straight creditor","0d8f5f09ea7a4771","Y-8",3
"DEBELL Pedestrians","bb9c7f7beeedec38","Q-5",3
"surest TO?","60c6bfc853002a78","Q-1",3
"invaders clam-shells","a63dacdd6d2a0452","Q-1",3
"LYING household","c110e64f6e5a681e","Y-8",3
"maxim) comely","21f34ecab4c8d8cc","Z-1",2
"outlandish hunter","719caa6192b5216b","M-7",3
"'vomited men","74093d44c41ee885","Z-1",3
"task-master abstained","df67418799a1e8df","Q-5",1
"fellow trademark","0f36231f7a415a58","Q-1",3
"meanings tent","9a23c4c1efcd8d84","Y-8",3
"licenses --JOB","d8fc1800e07eae10","M-7",2
"harpooneer? Ah!","95a1196981a36a54","Y-8",3
"apotheosis! bedstead","ca7c32292bc64cd2","Y-8",3
"Tartarian den","cdf81f312f26ec74","M-7",3
"charges communicating","624fb6705df6989a","Q-1",2
"Within king","66b34414418c19d3","Q-1",3
"hardest kitchen","3d449d935f266cd0","Z-1",3
"hillock fails","6cbac0eb5f13ccad","Q-1",3
"work! hair;","43b469c83fec8c37","Y-8",1
"Sal ashore;","f8b4ffa171c8aaac","Z-1",2
"Turning too--perhaps","c7cc0f220ceb1d25","M-7",3
"estimation knowledge--as","adcf26d13f27434b","M-7",3
"manner half-formed","cd850fd8019a657a","Z-1",1
"snaky things--beds","4c604d57f0425d9e","Y-8",3
"swallow assumption;","63b624cd329b5a3f","Z-1",3
"vents brain-battering","a4726bdb696412bf","Y-8",1
"command inns","7c2175ea54e71afa","Z-1",3
"AUTHOR Fishes","d8a6e99964f2e8de","Y-8",2
"Burkes nothing;","0e42cc6f0bf62c37","Y-8",3
"hain't exposes","580beee499d3583f","Q-1",1
"Usher--threadbare Good-bye","4b74cef33e782fda","M-7",3
"sinners; circle","cd3cf065f3886fd2","Z-1",3
"wore placed","f6b304462566ea1e","Z-1",2
"theirs; prison","46c9c2462945fd84","Z-1",3
"FORECASTLE] spoiling","4e070aaf3d47bf37","Z-1",3
"oasis way;","42daa98d61a11bd3","Y-8",3
"painted ourselves;","9e1e688ba6fb6134","Z-1",3
"fin; moby10bzip","acbba5b8fb32a472","M-7",3
"weave dog","8f88268639915b6d","Y-8",3
"Olmstead; HIM)","7a883cc615864cd8","Q-5",3
"Starting nuts","ba3f1ae2d4a31cdb","Y-8",3
"bird hairs","35aba06c901f1ce3","M-7",3
"clattering larboard--larboard","7124b25cfc63b479","Y-8",3
"spot broad-skirted","cd81b1fc0e193cc9","Y-8",3
"whale-lance spring","26172ccff1b49390","Q-5",3
"exhausted wrinkles","1f5ac77ba9b7b14b","Y-8",3
"unwarranted servants'","bb101ff9b8d31bf2","Z-1",3
"chamber chief-mateship","db0dcf2a79c255a0","M-7",3
"caves trappings","e8cbca5fb417cec4","Z-1",3
"volatile street-stalls","e1eb074d7ca01bfe","Z-1",2
"reports himself","6b5615da027ecf56","Y-8",2
"queer of?","d9d77733c0e7888e","M-7",3
"hides knocked","88ee58c87e9b2b02","M-7",3
"Platonists valiant","c17722a91512b8e2","Y-8",3
"received upwards","b8e6ef3f0dde088c","Y-8",3
"panics emotions","9425aa8dd6d27137","Y-8",3
"jiffy; Rondeletius;","eaa4a199c348217b","M-7",1
"Beale's country-bred","3ee34cf016aa4afe","M-7",1
"me: corner","17e55d7a47b96b1b","Q-1",1
"mould clasp--yet","f080bd7fee2d162e","Q-5",1
"shelf Norway","8e1d311612ce7ab9","Y-8",3
"mockingly --A","586c5e03265833cb","Z-1",3
"reef; countries","ca5dc82d04f379c8","Z-1",3
"slit hunks","80104610879218ea","Z-1",3
"at; forms","0c204b2454654e0a","Q-1",3
"merchant-ship Hoe","a98bdb4bbad933c2","Z-1",3
"She preserve","9a112b454fa4cac4","Q-1",2
"darker Japanese","7f9fd4b761c59793","Q-5",3
"warrior dust","54e43dee10a11533","Z-1",2
"inns lengthened","6f88b4aca52d2fff","M-7",3
"Swaine expresses","30dcf785f5abeec0","M-7",3
"disturb cloth-covered","56eefa35a48859d8","Y-8",3
"carefully service","bb0389e83722b061","Z-1",3
"predictions key-hole;","ee14a34dc4a60c90","Z-1",3
"sleep' impression","564a4ff6ba6556b4","Y-8",3
"NANTUCKET up;","ee4e8290e7622e10","Z-1",3
"Bonapartes anatomical","0ff4f915b86bcc05","Z-1",3
"be spires","cb6306303ae16358","Y-8",3
"blown said:","9cf3d9202893f00c","Y-8",3
"liability dragon;","2e05a895faf9ac75","Y-8",2
"lactantem prevailing","d2bde35599e0dae9","Z-1",3
"Unicorn PUBLIC","905eb0d08e7dfb41","Y-8",3
"Cadiz escape","ed1de82f36301e6a","Q-1",1
"bags! moments","5a23398b658e4f55","M-7",3
"champions crews!","7382d73c266d07ac","Y-8",3
"Other comrade","7adcfc44ad7ae154","Y-8",3
"FRENCH couple","d86bbe4544605718","Q-5",3
"AS-IS vagueness","606831f2120952a9","Z-1",1
"wisdom mouldings","9b50894cc2aca917","Z-1",3
"putting empty-handedness","8b4211220ef77a6f","Z-1",3
"owing summers","a87c267e09079f70","Y-8",3
"colours NE","f38107d2dd17b600","M-7",3
"adjacent below!","efd255fcbe2c2aa1","M-7",3
"ha Bildad--come","261bbfba81528048","Q-1",3
"encountered First","2da693662497cbde","Y-8",3
"convicts' panic","75706c19146cb7a7","M-7",3
"cook Pulpit","7a41c5e6b1ebf309","Q-1",2
"tow tawn--living","d348500620ba98ec","Y-8",3
"foot-prints--the ship!","19f5bad0c780fadd","Z-1",3
"HALF ultimate","5b0619a92b6465e7","Q-1",1
"dimmed firm","5896e00a4a15ce05","M-7",3
"cosy lesson;","fd30eb3e95d0d394","Y-8",3
"spring housekeeping","23cea33d8d9f5c13","Q-1",3
"printing CHAPTERS)","eb04aa12f354f3af","Z-1",3
"import value","b30f05bb47b6503a","Z-1",3
"Plunge Trap","c1227e9b97633266","Y-8",3
"piers Victory's","0f7ae1ef4927d313","Q-1",1
"usages pound","141b1a9eebe0a288","Z-1",3
"lighthouse preserve","ac3c0ac1a0526510","Q-1",3
"grapes stranger's","eca5ead6e19052d4","Z-1",3
"HUSSEY race-horse","f4801ac3a7d97a5f","Y-8",3
"contemplation matrimonial","e8c13c46a8bc12fb","Y-8",3
"belonged frigate's","7b689ce061311479","Z-1",3
"I--fa back?","445b8f43367c16e1","Z-1",3
"heart-stricken reef;","1d8f023232b59e35","Z-1",3
"terribly tubs","4c760e1eee7a254c","Y-8",3
"go--that's ceremony;","a53e35f4d27f718a","Y-8",3
"laying joints","0f25450d30b3b1c7","Z-1",3
"deserted not","ca4ae11c1f50b6c3","Z-1",1
"spoil reality","4c9403885a0ce3a7","M-7",3
"prison earth--heaven","546f75e329875fb7","Q-1",3
"silent Title:","8a17af073d2b213a","Z-1",3
"only); passenger","c0a1f95706fec549","Z-1",3
"Trumpa committed","74747079f3798f76","M-7",3
"Stubb--luck intimacy","27c5e94504c1d4dd","Z-1",3
"iron--that PEQUOD","171c61de537c7dc3","Y-8",3
"banded ticking","4d7890b6670f773c","M-7",1
"bread vessel","364cacd0654d3d82","Z-1",2
"sill fish;","1e3ac2b3b7716d41","Z-1",3
"hustings; drinking","99725834e51ebaa2","Q-5",3
"systematized settees","967849d3b9750b1e","Q-1",2
"frosty duskier","6148131ec73525db","Y-8",3
"graces; inch;","635cca156aab1217","Y-8",3
"I'm stern","51c862692f595438","Y-8",3
"argued drag","f71230760839d1f6","Q-1",3
"Queequeg feel!","3c41d93be92654ba","Q-1",3
"KIND Tiger-lilies--what","f548e93e7736912b","Q-5",3
"serve luckily","3e759d8a6a04f9b1","Y-8",1
"royal a-piece","1fd1972ad106745c","Z-1",3
"same Certainly","90142abc722b3641","Z-1",3
"elsewhere permitted","c4b5178d64598175","Y-8",3
"rather PARLIAMENT","18e519b84fff23f0","Z-1",3
"brothers decidedly","7710ce939b137ea5","Z-1",3
"strand preliminaries","d943a66c88ec146a","Y-8",2
"concerned astern","659f05e79c152e75","Y-8",3
"specific --MIRIAM","73b4e392f1e77ad5","Z-1",3
"saith Kingdom","3bde03960ffaebd7","Z-1",3
"DOWN one--so","6452c739c37c2729","Z-1",3
"JOURNAL tendons","ceac463c48472b1d","Q-5",3
"wainscots tumblers","87ce539ef13ffd37","M-7",3
"managers ruggedness","049a021945159a99","M-7",3
"crack warranties","158818ceb68f2bc4","Y-8",2
"inference (WAVING","f9ec3c4b366fa9c0","Z-1",3
"police rockings","2e738a49b2e31739","Y-8",2
"other--Jack proceed","2e5788015f79c48d","Z-1",2
"accelerate coach","960e6e9b12323e3d","Y-8",3
"denied zephyr","93470bbbe1557cba","Y-8",3
"New laugh?","51e0c96d36fb43eb","M-7",3
"Ross showest","37a74e355cb725d9","Z-1",3
"miniature Am","98d0717119bc60a9","Y-8",3
"accounts proportioned","5f7b01335753aaa6","Z-1",2
"18 genteel","027975c0b054e412","Z-1",3
"half-attained (DUODECIMO)","5059f004a5f90cec","Q-1",3
"concert twenty-five","58794d193a8031c4","Z-1",2
"name robust","663ed56ad24ba1cc","Z-1",3
"world-wandering style","58e12455bcce324a","Z-1",3
"(KILLER)--Of surprised","1051fd41c9b7dcd8","Z-1",1
"I--fa waggish","3513e8d229e7effe","Q-1",3
"best lost","a09c15444d7c99f3","Z-1",3
"SLEEPY) pier-heads;","c72f4fd2436b2d38","M-7",3
"altar bevy","d97771dfca471b80","Z-1",2
"mile slapped","5f8768e143a0fabf","Q-5",3
"Curious sleeves","ed4dd6eaa31b07ac","Y-8",2
"words: hospitable","d9ac236641bd3859","Z-1",3
"one-half hearts'","4164b62f665e1181","Z-1",1
"surging wicked","7dd92e942a8c1044","Z-1",2
"agents acquaintances","85537ac43a1b8e4a","M-7",3
"accelerating Face!","f3bf8d0fc8a5d88c","Q-1",3
"odorous BLACK","092b4a87f6ba45d8","M-7",3
"eyeing forces","5e076c64fb082ea5","M-7",3
"shudderingly token","c968a91bdff4bef5","Y-8",2
"exclaimed--No! bedfellow;","d48fbace915d51e3","Z-1",3
"Bible remembrances","64b135a9a6faa4f1","Z-1",3
"backing together","b03704a3db9860b8","Z-1",1
"Alarmed climates","4836a10e03bdfe8c","Y-8",3
"files] wants","877e7de14aebac69","Q-1",3
"Nat tallow","6dc8a4edbab348c9","Z-1",3
"adjoining ALFRED","fafb338ae6e264b0","Z-1",3
"fitness poison","35f2a1c44ca3e110","Z-1",3
"COMMODORE gulp","58b64399ed7315fc","Y-8",3
"PUNITIVE ere","4ad4744dc9fcee45","Z-1",2
"Captain?--Ahab? reveal","f7a342a35d05df0c","Y-8",1
"Categut whale-naturalists","be42e01f942732c5","Z-1",3
"CONVERSATIONS Feegee","42ca5bb041aeee78","M-7",2
"Charity (we","f2d4dd06e9267e20","Y-8",3
"pour Forming","9381f711f3bc5652","M-7",2
"tipping now!","b03ebaba7980cd27","Z-1",3
"Are yonder","81f5dda105837b6e","M-7",3
"vague Oh","6adda4b71b1b773d","Y-8",3
"harpooner precedence","0316691a661d45fb","Q-1",3
"Coffins attacked;","ddb2341dda297c44","Z-1",3
"daylight axe!--the","cdddeb6475a8c261","Y-8",3
"other earth!--that","4a4c67a2f954cc88","Q-5",3
"rag computerized","fb593aa93f4960f2","Q-1",3
"Providence invented","70a3517bcbbd48e8","Y-8",3
"proprietor dusky","7046a9ebeeb94932","M-7",3
"cupbearers Swerve","ff0e2aceea49b8f0","Q-1",3
"animal voluntarily","654abdc29f3e7a2e","Z-1",3
"unworthy Pip!","041f6bdb07385834","Q-1",3
"hands--how issues","369cb8c5b4c0fcb3","Y-8",3
"long; yard","dcdf2cc989b54026","Z-1",3
"lesson; sigh","19f612f9c76a7b50","Z-1",3
"tremendous woodlands","b50c6eca9ce58ed0","Y-8",1
"goodness! changed","ef5b3f7ba2bb430f","Q-1",3
"well embarks","9ddd1280006eb47b","Z-1",3
"reckoned diabolically","54eb3aac8e30cf5b","Z-1",2
"terraqueous compare","cba1ee3c54275d29","Q-1",3
"--PARADISE then'","20bb60440726e269","Z-1",3
"girlish Impossible!","ab1db59250296fd8","Z-1",3
"venerable especially","973391e1b9073720","Y-8",3
"me--he know--not","6c505d9f700e0926","Q-1",3
"Tahiti! act","86efc8b9e7477e69","Q-1",3
"bountiful wonder;","917e7356f59d4287","Y-8",3
"Irish naught","d09a4e85add0bf9b","Z-1",3
"blazing Pip!","1a462b577799cd26","Y-8",3
"hour-lines losing","ca75e0515e275b0d","Y-8",3
"TOLD be;","a18c189164078c83","Y-8",2
"slip-shod ABOUT","369eacca5d49341a","Z-1",3
"heart's merman","23b54fdccebffeec","Z-1",3
"meagre priority","42568f37d7a1b384","Z-1",3
"Brisson; funding;","8fbb66f6d238dcd9","Z-1",3
"profoundest who","0ceab364ddb9372d","Z-1",1
"preliminary crossed","2e56454f92c9d53c","Z-1",3
"Depend to-day","6d8f7c5bc7ed25af","Q-1",1
"Pliny; relented","4aeb27d36ea09052","Z-1",3
"Which stander-of-mast-heads;","156ead845e4a0913","Z-1",3
"night's discover","c04a3d6af16bf599","Q-5",3
"buckle cooled","d6aac1f6a0f133ba","Z-1",3
"He bridges;","b55aeefb7b87c7dd","Z-1",3
"hair-oil Alone","f50ccbbb4180f0d8","M-7",1
"heeling encasing","0348ecd841bcf453","Z-1",1
"LIE pilot","79e1c35c51d1821d","Q-1",2
"flukes heroes","f9b83a2ac1f691e7","Z-1",3
"write Bay","9f3b8e21ac88b08c","M-7",3
"waves; From","298d9967744a2dc3","Y-8",3
"aboard willed;","2eec70cd1fb8ed74","Q-1",3
"isle! AT","15c6bb79304881d0","M-7",3
"assembled crosswise","e208e2fe0a6dbcf8","Z-1",1
"self-collected; troubled","24e4d0b8499ede01","Q-1",3
"October genial","26e319612f771cb6","Z-1",3
"Susan shadows","3c6c5948af16be04","Z-1",3
"truth; Both","a38cbafe946aeab8","Y-8",1
"cullest gradually","455825a41e6a7c47","Z-1",3
"socks hopefully","cd356a8d2d95c08e","Q-5",2
"pooh robed","e7d57aaaa0629317","Q-1",3
"away; treated","a00fa936a593ff6f","M-7",3
"bears soliloquized","cff5fd99734a038d","Y-8",3
"somewhere seaward","fad88c26eb6b3dd9","Z-1",2
"Jones ribs","a80733242c887e01","Z-1",3
"widely Newfoundland","07a9dd159e1e4f11","Q-1",3
"magnets; howls","883d445344e47d9a","Y-8",3
"bakers assortment","a3b1c0f79460d7eb","M-7",3
"theirs expatiate","ce2ab2a8106d9740","Q-5",3
"processions unpanelled","33e313c6b2a7f0b9","Z-1",3
"opinion Coffins","e81506bee4ed252e","Z-1",3
"talkest sea-commanders","a7790c7bf155058c","Y-8",1
"humanity brawny","8169e4cfdbe72ee0","M-7",3
"15 Ahasuerus","31a41692d9f4960b","Z-1",3
"features boat!--ah","07a4877a07dbfc32","Y-8",3
"COFFIN --MISSIONARY","26dbb2eca11d3edb","Q-1",3
"flakes; friends;","aa5f654c3853f236","Y-8",3
"animals levels","ac9b3b9697787ad8","Z-1",3
"Usher essayed","1661c4ab84c15f23","Y-8",3
"Over grandmother","896c9d51ffb1e2ae","Q-1",3
"Octavo dismembering","32add0547b57ec3b","Q-5",3
"it!--and half-formed","c7140980312cf4ca","Y-8",3
"trapped degrees","a4753cbb4c18cadc","Y-8",3
"baker quohogs","e5e607d3e6dbd5c7","Z-1",3
"Cod SIXTH","324731e2a70c863c","Q-1",3
"jeopardy; apparent","67a27e331db0a20b","M-7",2
"dreadfully LAYS","5ec185a28f4d2c15","Z-1",3
"paid allay","92cb2652ce9b56c8","Y-8",3
"Dan rang","f80ccc785402a770","Z-1",3
"tanning homeward","5487e4903a8f33db","M-7",2
"pass! knee-deep","f1865ca28f393dd2","Y-8",3
"command; active","6f2663815e39c2e0","Z-1",3
"comedies ignore","80c0733212004efc","Q-1",3
"canoe midships!","e3b34ba5231a7b93","Z-1",3
"Greenland idolators?","cc7ca08a5f5a5e79","Z-1",3
"half-fabulous Starbuck?","19e6915880dee3ee","M-7",3
"pegging them;","03600ab88df39a7c","Q-1",3
"ocean Cape","7f0e7aa468f7479c","Y-8",2
"filed Bible;","0cdf9b271336fc49","Z-1",2
"reverberating pipes","c9d0872a39caed37","Q-5",3
"smile last","d81489a3bf4c0ec2","Y-8",3
"soul; stultifying","f7f4b2ca2f2108af","Y-8",1
"9 August","73b10003d3e9bcb2","M-7",3
"sociable breast","256332e10f00f9a9","Y-8",2
"broad-shouldered 1971","4b148e0b46a794c6","Z-1",3
"Ages ye","ca27bba6956ca498","Z-1",1
"insulated sternly","9fbc6baeed2bba82","Z-1",3
"dubiously stormy","cc4caa1184ff03b7","Y-8",3
"attempt princes","c06e16251214ebcd","Z-1",3
"J was;","3c54b95e4b1a6ddb","Z-1",3
"thou? bunch","26b65e9fe295d2c1","Q-5",3
"Turning thanked","478e10f9248b7842","Q-1",3
"there? typhoon","167a06423fef64e0","Y-8",2
"curios everywhere","b27b6dd013e98aee","Z-1",3
"(or king","08ab1503fc74e039","M-7",3
"hide (SINGS","df41d8388e669ab6","Z-1",3
"skin overlapping","6174333a69313891","Z-1",3
"inventors reigneth!","b83235e5dac547f2","Z-1",3
"useless let's","3f30c2fb09692a6f","Q-1",2
"Oriental august","379a224ee6494ef9","Y-8",3
"shores knees","b15c538aaa123f66","Z-1",3
"net-work panic","d2072e180786aa7b","Y-8",3
"Captain; mission","d9f710f23002d173","Y-8",3
"sympathetic saw;","0ef0596425605892","Z-1",1
"rubbing assaults--not","ed8564854af62917","Z-1",1
"500 glimmer","20262aeee1a2bcc4","Q-1",3
"Dan disease","dbfe06aef68805a7","Z-1",3
"Irish conversation;","6be646e91dc2da61","Q-1",3
"Say capable","f6062f548d113d91","Q-1",2
"attaining benediction","a2becb2363efc852","Z-1",3
"useful sound","c0f12acbfe4da589","Z-1",3
"rod-like arrested","805f17916530d21e","Y-8",3
"STATE opportunity","fbc873de37141938","Q-1",3
"skylarking creed","454203cb5df67b54","Z-1",3
"He Cain","4c30eede5285b4e0","Y-8",3
"Is congenial","e7789212c7ae3a27","Z-1",3
"binnacle apart;","2a847ad2c78a0c97","Z-1",3
"pursed page","4b7e97aa04c9ffd4","Z-1",3
"stubborn cocoanuts;","969055a72c012665","M-7",1
"Sachem's unhealing","920d2573d2092db4","M-7",3
"leopard-like elbowed","a08166811601464c","Q-5",3
"trowsers; frightful","962ccfad9c1e205c","Q-1",3
"specific surpasses","c7dc3a66def69dc4","Z-1",3
"apoplectic leopards--the","c28ab3d67cb29dc6","Y-8",3
"peddlin' worshipper","de8f0fb93ad70d34","Y-8",1
"craft summit","a022304878666c15","M-7",3
"combat ETEXTSSTART","322b1cf3950497d2","Q-5",3
"directions Alone","3e786503d04e3e20","Z-1",3
"superstition one-third","d1fa2e452e918e05","Z-1",3
"ha oil","54911e720eead3cb","Z-1",3
"supperless--my Shipmates","1383e4f2f49f0f44","Z-1",2
"hump; OCEAN","31df6b29ba9243df","Q-1",3
"repulses frame;","c1e2d965b59f9f1a","Z-1",1
"Sleet's perceived","21ae2d63b7280de1","Q-5",1
"mantle barren","b14821d749cca4fd","Y-8",3
"TASHTEGO oft","662b6ba33c2525bf","M-7",3
"Islands unimaginable","41f5f14547dd9e7c","Y-8",3
"TWICE compressed","a1231aa435c364e4","Y-8",3
"imperturbable supposed","c9b5cbb39330d3f9","Z-1",3
"--A imposed","9c2e16e0724fe92b","Z-1",3
"standers creature","bb94cd5fcdb1018a","Q-1",3
"weigh generously","50cccfd2052dde5a","Q-5",3
"whale-fishery add","f354bba9b7b1b14a","M-7",3
"thorough rejoined","2eb3c4ac10df3533","Y-8",3
"cosy boundless","63765a2771ccdc34","M-7",3
"slavish heroically","f7cc469e7541874c","Q-1",3
"ranks watches","2b6d8d91d066497b","Z-1",3
"taxes emigrants","85f1da2246f1f10a","Z-1",3
"want? heaviest","f1e302e9519fe3a4","Y-8",3
"arises LETTER","93e813a67568bfd8","Z-1",3
"Coffin; requirest","87e4124dcb1c1466","Z-1",3
"bitterest tiles","bf701af2ab7acb4e","Z-1",3
"few:--The risk","4509ddfada2a7a47","Y-8",3
"displays Prince","90bdb8aff9596212","M-7",1
"SITTING pooh!","96bf26f963a978d1","M-7",3
"yet medallion-shaped","ac9a932c88978938","Q-1",3
"ears Greenlandmen","ec11e2fc4f30263a","Y-8",3
"10% Spain","7d82767b8f18bec1","Z-1",1
"pike-headed whaling-voyage?","0272927f9601f279","Y-8",3
"unensanguined THERE","91479df1338e1bdf","Y-8",3
"suspicious naturalists","97f172cf96b0f7ce","Q-1",3
"invest Below","9dbe43859d8a3466","Z-1",3
"10 purty","3e7e907831228999","Q-5",3
"swell questionably","1f0ebd67df5846cd","M-7",3
"surest eddying","f02a70e50c091d51","Z-1",3
"expected capacity","c5b955ae46b2c111","Q-1",2
"Parliament Letter","4855fe14f415347e","M-7",3
"know'd unexempt","b8663b656f80eea1","M-7",3
"variously MSS","029e0a007e92a9bc","M-7",3
"launching Paean!","8018fd3d0358ade2","M-7",2
"company PORPOISE","83b7afb76cc15198","Z-1",2
"one--I superstitiously","9d5ab8fca61664c1","Z-1",3
"obeying ambitious","d37fee1a15ba8ecd","Y-8",3
"quills sheered","ff2a145e057177ab","Y-8",3
"Huzza! 1690","a4586e59fd986af8","Z-1",3
"libraries Grammar","fd88fd9912c80686","Z-1",3
"commanded-- Wrapping","2a8e1acd7b97b715","M-7",3
"enlisting leaping","e4aaf97659d9ff80","Q-5",3
"street sat;","c6452dd415840aa2","Q-1",3
"dood drops","f79cbce90893fa14","M-7",3
"labored precedence","ca0453157fe22ed6","Q-5",2
"entered; federated","6469271dbcd00e9e","Y-8",3
"we; staid","76508b40d3415dd4","Z-1",2
"returne immaculate","4af9dc3319705e9c","Y-8",3
"three mates","886a79b8072f1b3a","Y-8",3
"undone; Illinois","3c6637d62f89d1e7","Y-8",3
"twos superfluousness","abdf6f0166b63835","Z-1",3
"powerfully plan","fb1ed373a9dde8e4","Z-1",3
"Are Adieu","a9bb29d9f416db71","Z-1",1
"traces Bennett;","4c801c2ceec5410e","Z-1",3
"ANOTHER Caesar","fe1334e562466fd3","Y-8",3
"landed penem","d20b81af4915b8b3","Z-1",2
"reverend infinite","810eff5ec2247baa","Z-1",2
"confidence; harbors","ad26f8dad598f4cc","Q-1",3
"strength oaths","651aa03e3d563374","Y-8",3
"Readable marvellous","7d3cf8d98c978872","Z-1",3
"elements unvitiated","eaa9e6ffcb8e5cf9","Y-8",3
"gowns pine","23c9cf062ac3a5ff","Z-1",3
"Startled minute","d088ca197b2f7865","Y-8",3
"molest NANTUCKET","4f68c8110c3dd408","M-7",3
"shone unalterable","371890c7241c8098","Z-1",3
"--HAMLET includes","8ead7768bac17788","M-7",2
"unwritten hungry","8590a25d4e5c249c","Z-1",2
"rolled buried","7ad54cb053d9ccef","M-7",3
"dead enjoying","adea0450a1a80c95","Z-1",3
"alleys naturally","5f8551eb24647b22","Z-1",3
"Aye Bible;","cc6c4cb7c09136bf","Y-8",3
"grass; jealousy","41d06c66d1df92d3","Q-1",3
"la rat","aeb6c61b244fba5b","Z-1",3
"worthy fashion?","df4657e0048e5722","M-7",3
"gathering magnitude","2fc612fa93d654ef","Z-1",3
"worse--at Ethiopian","2fc7b6ddcc982cef","Z-1",3
"evening--it surprise","3dd943886c7f92c3","Q-1",3
"Emir Out","4e5ae5f2e0d4d4ab","M-7",3
"BOOKS bird--airley","b8fc344896ae37e6","M-7",3
"sharpen now-defunct","2021cf592e5eaaa8","Z-1",3
"HIM) pivot-hole","c31b6ffb3bc47d7f","Z-1",3
"knockings? wash","8f9ef4360ad031cf","Y-8",1
"owing rabble","9dd83194c1604d43","Z-1",3
"draughts--long breadfruit","19a1be7ed6731df5","Q-1",3
"artificial AT","6eab0cd41688a11f","Q-1",3
"IL succeeded","c20a1b6d13c097f9","M-7",3
"Pagan coaches","c70a8fe179c72193","M-7",3
"button sensitive","9b553c5b5953f150","Z-1",3
"done; sill","4046c4e9ca784288","Z-1",1
"flourish Queequeg?","b374dce1f78bd36d","Q-1",3
"ferreting unlikely","b02a1c918d927281","Q-5",3
"trenchers peered","88214e47209cebf3","Z-1",3
"whispered plenty--grunted","d3b4784a2955d279","Z-1",3
"Seven sat;","b26efc077e1941f2","M-7",3
"applying barbarous;","63bdf4fc4b9ec169","Y-8",3
"proceedings dropping","397f02598db09dda","Y-8",3
"brewed unearthly","dd7a8c552d6d91a3","Y-8",3
"shaggy yourselves!","da85c0eb33fe4edb","Z-1",2
"alter conflict","4ba727333f0ac39e","Y-8",3
"smell tell--","ea24524eb63ecb5b","Y-8",3
"disquietude George","03d1381785f53938","Z-1",3
"corner Chapel","256fdfb7f110187e","Y-8",3
"Third doubts","40a6760d2a31d618","Y-8",2
"FTP necessitates","b878ef94fa3ff1ca","Z-1",1
"stab glimmer","a7c37e21cdb3548e","Z-1",3
"one-sided flag-stone","c2191319a2d3934f","Z-1",3
"INDIRECT this--what","08a1ebbb1e6e26cd","Z-1",2
"rejoined half-seen","e23a29e2bf759dec","Z-1",3
"revenue BELFAST","c87e13ecebec7972","Y-8",3
"fowls;--though grieved","54d368fcba39dadb","Z-1",3
"gloom! unknown","9fabd67821770ab5","Z-1",3
"make covered","7499f25db7cfc3ea","Y-8",3
"ambitious clam","17bad7a3aaf05b74","Z-1",3
"thence JAGO'S","b37edab3735f97b2","Q-5",3
"ROBERT ado","3d9f9cef01b52412","Q-1",3
"beach willingness","73c4bc83e92828b5","Y-8",3
"notoriety half-revealing","fb9068af35feafb7","Y-8",3
"November whether","9629462addbc76fb","Z-1",1
"comforters are","1649db8d1a70a549","Z-1",1
"fare bags!","b6fda029507b3d01","Z-1",3
"enshrined shabbiest","6f6aafc7cc05587e","Z-1",3
"Stubb leaves","72b3ba465c73ff74","Z-1",3
"ashore; it'll","36731d72237ce76a","Y-8",3
"Cod? sun-lit","1b3c24fd1e21631c","Z-1",3
"PROVIDED easterly","0422420e916715d1","Y-8",2
"dumb dimmed","8d767d76451c00dd","Z-1",3
"waits China","8189cec9e19e6491","Z-1",1
"Narwhale altered","a683e96f06a25bb3","Z-1",3
"unspeakable chilled","f0ace4e2c548bd06","Y-8",3
"proclaimed Finding","4f2a87ca0bbdf07b","Z-1",3
"water-rat much;","a1fc7e7845fb5ca0","Z-1",3
"Trumpa persevering","ee2a023f41d7ffed","Z-1",2
"some sky","5b43d2c0d86a9e31","Y-8",3
"fortress bed-side","a28650fb68fb9806","Y-8",3
"lying voyagers--it","fbd730b7ddb985a1","Z-1",3
"astern sun;","cedf4b9785c40374","Z-1",3
"aunts hat","869d3813cbd25964","Q-5",3
"events Bildad's","61cea77b9bc843d1","M-7",3
"satin horn","aea4161c40d9319b","Z-1",3
"sweetest Charity--Aunt","97d29dcb545ed5db","Q-1",3
"landscape mayest","973b3c5b875124d7","M-7",3
"arrived perches","08ebcac6843113e2","Y-8",3
"--CHARLES wondering","1ac2aa9abb7ff134","Z-1",3
"insured was'","a2ef0d763b049895","M-7",2
"indestructible ducks","c220760b7bf6df97","Z-1",3
"disclosures late","0d21a4afb4a85d04","Z-1",3
"Besides commotion","789e7129f4d8d21f","Q-1",3
"Beloved calls?","8e8aec98d3a7a23d","Y-8",3
"dim serpent-snapping","80bdd67b6063c7ca","Y-8",3
"ring! whale--did","2b951681c79e0b5c","Y-8",3
"thought; famous","68dc883a37ebebe3","Y-8",3
"Artedi; 41","b3aee7c1086c0237","Z-1",3
"mealy prelusive","24bad5cb9ce4077a","Z-1",3
"crossed porch","232fdcdc1b5f28fa","Z-1",3
"wake ship's","304204f02257207e","Y-8",3
"log; see?","3d4b4ebe5805ad11","M-7",3
"undressed Coming;","2206095b9571bb34","Q-1",3
"change! Ganges","b9785f1c0dde4c53","Y-8",3
"operations aboriginal","5070e02253fe2a85","M-7",1
"medium carpenter's","b7a74c9acf4d0313","M-7",3
"birds nondescripts","f624a1394e01aba2","Z-1",3
"castor quaintness","593e9d36493035b4","Z-1",3
"feat waterward","0b15ee069f530e3e","Y-8",1
"WARRANTY nails;","575dc0f641fe52ca","Y-8",3
"typing bold","aab54ff25362d24b","M-7",3
"familiarity forget","7d78b5b4fd337f63","Q-1",3
"incomplete Pirohitee's","ae8007c2ef6c4941","Q-1",3
"lances triumphantly","d058e0f5fc7197d1","Y-8",3
"monster night's","cc1aac28059a9c73","Z-1",3
"measure gain","db7594100bb99a76","Q-1",2
"authority quality","c468c1ba007914f3","Z-1",3
"freezing shivering","7438fe821901138f","Z-1",1
"experiences world;","245b25407572a23d","Z-1",3
"cause Quakers","f35500852440f20d","M-7",3
"fountain Mogul's","1ca1c173ed0d5491","Z-1",3
"bravest schoolmasters","1302459f88076cd4","Q-1",3
"stores; majestical","1bb53d0092151776","Z-1",3
"groping ASIA","6062add5e203aa15","Z-1",3
"dreaming uneasiness--to","c76c8b75f3d8cc68","Q-1",3
"castaways massive","bcaee8c4a49d3fb2","Q-1",3
"Startled systematizer","a860678bfcb95225","Y-8",3
"Loomings smoky","92a9013d172a5d56","Y-8",1
"aright Davy","62bbc9735ee184a4","Z-1",3
"ain't boats'","8714e150e6ad1b44","Y-8",1
"pirate accompany","055956729b6a3e12","Y-8",3
"hasn't malicious","746b023731563b28","Y-8",3
"those wasn't","da7225a9015a77c6","M-7",3
"grow distress","18573ca62bdc4b57","Q-1",3
"STARTTHE butter--twenty","9f209b69e6c6de9e","Z-1",3
"by easy!","7bb885aa0e520e15","M-7",1
"intent solitary;","5c43a908d5ab818b","Q-1",3
"(American) robed","75c44c614181be38","Y-8",3
"nightmare vibrations","a846a4cf110d731d","Y-8",3
"isolate maledictions","e6b4472766966caf","Q-1",2
"tumultuous rifled","845d36fd4c44a5cc","Y-8",3
"twelvemonth cod;","179b8c2769afedcd","Z-1",3
"delude right?","452577cb87b5193b","M-7",3
"resumed Stammering","2a39ad36a8054f60","Z-1",3
"TWO dined","f73b1ea01585677c","Q-1",3
"pry AMERICA","64a419e7440109f9","Q-1",3
"striding pulling","0463b9576ed4a84e","M-7",3
"dusky go","45bbdfba76ff4535","M-7",3
"whetstone? resembling","a06bbdcb500dbf93","Y-8",3
"stockinged perils","a23e6ec3c0f2d5f8","Y-8",3
"platters progeny","c233aadbf1ce104a","Q-1",1
"Baltimore whistling","dfb4b79ebaa2f9b2","Z-1",3
"yes; bedside","a0580138e3f70891","Y-8",2
"enough--so whale;","c832931b4b0ab8ce","Q-5",3
"dawn prolonged","a9c3ebf8b63bbc8a","Q-1",2
"bully distended","5da220c84d868f6b","Z-1",3
"Squires see?--Posted","3e9daf86f777afc2","Z-1",3
"carries thing;","db0d71b9256f9cfe","Y-8",3
"hem! self-collectedness","e6642c5d55c56fa4","Z-1",3
"feminam ground)","eb31050619504a24","Q-1",1
"meridians lines","a1b6b9f0b4bfbf02","Q-1",2
"sire man's","b5802f5ce77ebba0","Y-8",3
"amount these","55a16d6e0840c462","Q-1",3
"constant FIGURED","de2b624839ee027c","Z-1",3
"long-drawn chase","3802111185bc784b","Y-8",3
"sanctity blow","36e2ce2d11b3f727","M-7",1
"half-seen cursed","808659791e67ccb7","Y-8",2
"equalled Maelstrom","641c23bc07b4683d","M-7",2
"(such entrenchments","88b0491a0ea28b5d","Y-8",2
"LONDON conflict","a580c07d535c4833","M-7",3
"mould steel!","d994b2f316c8d7a4","M-7",3
"marked complement","019606b1e936b000","Z-1",3
"symbolize gentleman","a2f5435e63872446","Z-1",3
"Canals tells","63026fec1e00ccbd","M-7",3
"hen's half-crazy","72c14a19dcc80b2d","M-7",2
"(SPERM scientific","3f7d9e310000a1fa","Z-1",3
"mealy-mouth adapted","7b9c1f0783090697","Y-8",1
"sorrows enlarge","d1542c62cf27fe61","Z-1",3
"it;--didn't battled","72cb4171ddfaec50","M-7",3
"longer [tried","f4b9de2c02b2c24e","Q-1",3
"whenever edifices;","07a22aff9fcdb433","Y-8",3
"essential whetstones","ec2737eea22b1fc6","Q-5",3
"this? too","ec606658088ac5a1","Z-1",3
"till lurk","89f1ecd9bb43031b","Z-1",2
"utterance mad?","cf007e815cfbc1f1","Z-1",1
"sceptre magnetic","20d332e9f7de7fb4","M-7",3
"Roman undoubted","0354640a5bec494d","M-7",3
"after-claps bison;","226fcf07ecaae022","Z-1",3
"admirer purchasing","408cfbbbb94de64a","Q-1",3
"hate; cheeriest","2982b050f03cb0ba","Z-1",3
"same Rhodes","5622c09613255ec4","Z-1",3
"treat on","dcaa9ca9e6096608","Y-8",3
"shady aspect!","27effd8c0f70cc62","Z-1",3
"third Christians","16d31d9dfda3a50b","Q-1",3
"grievances burglar","589a3b5c273e2ce6","Q-1",3
"Michael spiritual","e9664bc5ef1e0853","Y-8",3
"mad--Starbuck kinds","9c7aa1e9811bf304","Z-1",3
"art anointed","ee0cf836d1b003e1","Y-8",3
"winsome rake","992a47df3a01013e","M-7",3
"HAND proofreaders","644fed0788ab5e2a","Q-1",2
"Sw Go","e1e6453e0f17dd74","Q-1",3
"volatile livelihood!","3ae912c3dd39836a","Q-1",3
"reasoning yard!","f5b885ec1b869c8e","Z-1",3
"embark HIST","1e5c8495cdc34368","Z-1",3
"supernatural inserting","582c8ad37d894329","Z-1",3
"alter wrought","516eafe9a9fc183f","Y-8",3
"Acushnet Likewise","f313fa276b4491ac","Q-1",3
"Greeks averages","7daccd416282b874","Y-8",3
"embarks Mixed","2bc4aec6cbc06128","Z-1",3
"luxurious Bestow","1692083aa1c43e46","Z-1",3
"'Why' paddled","b09105921f3364f3","Q-1",3
"breezy tones;","c7bc15f97de0b94b","Y-8",2
"assumption; issuing","f2818dcfc8d35aa6","Y-8",3
"souls limit","463167a27566757c","Y-8",1
"Court CLUSTERS","3f33f5913213d78f","M-7",3
"comfortable furthermore","e8ce3b65a62abd9f","Z-1",3
"hugged there;","0ffd63aaa247ca96","Z-1",1
"hammer fierceness","27959fb27ce15aa7","Y-8",3
"SAILOR known","a219deda37bcba49","Z-1",1
"mutter studying","3e41845d34595cc6","Z-1",3
"bumpkin Seeing","efa691152c98d2f2","Y-8",3
"MAT) CABIN;","660a79a6b635edb3","Y-8",1
"without--within scarcity","ee185f326a34b3ad","Q-1",3
"rotund surviving","53780d441c31f71e","Q-1",3
"Christendom rage","30788879caff58ed","Y-8",3
"yelled beards;","89955d49e2e947ee","Z-1",3
"embodiment touchy","a6e478bbe60ec88a","Z-1",3
"Cape-Horner azimuth","fc97c1357e7c1052","Q-5",3
"mornings belongs","d79a2328cd3bd23f","M-7",3
"ceases half;","a97a0c4386d37a1f","Z-1",3
"ignorantly purposed","7690f650ea588fdc","Z-1",3
"haughty style","a25a5d8414e9977b","Q-1",3
"provocation children","f8517615046b67c7","Q-1",3
"inn said;","8fe802d6aa7de60b","Y-8",3
"Narwhale--however Straits","9b18a2bbdf71ffd7","Z-1",3
"shiver salamed","80945b06bc21a7cc","Y-8",3
"hailed ropeyarn","ecf4f3143371404f","Z-1",3
"flag article","97443c2a01cc6922","Q-1",3
"Chili psalmody","1f6c4142d53f86d8","Q-1",3
"oil liver","24dc46be39de206d","M-7",2
"straightway monkey","e7af6f3a846f8675","Y-8",1
"craft; jewellers","baaa360300cec0d9","Q-1",3
"Battery abandonedly","39b4bb65ad790791","Q-1",3
"revised Wrapping","6808636c5f70af61","Z-1",3
"reasons oath","e590d9cfbdbbb3f5","Y-8",3
"purposeless sequential","37ed08eb80d7db15","Y-8",3
"torture HORIZONTAL","d601ba7700aec717","M-7",3
"doors; smallest","0df610ee99f02286","Q-1",2
"either immensities","409dbc3ca739f6c6","Q-1",3
"tokens extras","babe89fead29756e","Z-1",3
"clayey courteously","65b4d55761b9b52c","Z-1",3
"poising whites","d6f8179b4d08369b","Z-1",3
"prove Avast!","3d617d93af838c02","Z-1",3
"nearest infringement","581eedf21f1e7f12","Y-8",3
"employed direct","369c461be657e055","Z-1",3
"annual keenest","a5cb29f3b46ac96c","Z-1",2
"flogging biscuit","e59d81210fdc5594","Z-1",3
"remote remaining","a79e0d352f7fa8bc","Z-1",2
"zone arched","dea3a289e0084b0f","Z-1",3
"somehow vision","dbd5d7f409185451","M-7",1
"bearskin dam-me","d2b343847bf29186","Y-8",3
"Bowditch buckle","a267618d4c23a85e","M-7",3
"fit keen","3ee6819903724d8c","M-7",3
"teaches anything","09d68620fd4306d1","Q-1",3
"kindled solitary","633d4647cd569d71","Z-1",3
"sending damn","480fd8355e1073b5","Z-1",3
"preparing remotest","9984036bef4ea626","M-7",3
"starve; socket!","532fec222a859758","Z-1",3
"circulates Anno","46037c4ef11b772a","Z-1",3
"nappishness gathering","2abe75c2699de312","Q-5",3
"cross belie","163aae11b6621271","Z-1",3
"tomahawk! pagoda","43c8205399fd6dfb","Y-8",3
"planning sensitive","a9f4276daf68b837","Y-8",3
"veiled exhausted","07c5331b4bb4fcb3","Y-8",3
"provided moose;","3d7edc889cf3f4e4","Y-8",3
"parted while","919be17914fac9e6","Z-1",2
"plaster--tied ork","ceecfb07af671b3b","M-7",3
"burying unsay","cf76621906b24a65","Y-8",2
"larboard grasps","f8ae47ab2bbf1ee9","Y-8",3
"it--for escape","70c498678db81101","Z-1",3
"noises Web","23f6b01fb65ef0d3","Z-1",3
"midnight feeling","cbc91ad6d44c9e6d","Y-8",3
"foremost sailings","d2688979bb60d586","M-7",3
"parricide horrors","11f2ed3f784f60da","Y-8",3
"others arrived","888de1f6c40618d0","Y-8",3
"coaches comprehend","f505cf1d2cb8460b","Q-1",3
"shade--owing paupered","3c6ee36f4adc66e5","Z-1",3
"pictures With","e3bc91e4ba01fadb","Z-1",3
"secret remnants","c103b6fdd707194f","Z-1",3
"measureless lest","f43fe3290d155ca5","Y-8",3
"remote glued","ea52421793da449a","Z-1",3
"Other unhinted","48ef7e17fe5bd883","Z-1",3
"voyage goblet's","4b62dd7ac845aeda","Q-1",3
"grunt; yawning","75e92d1a8ee75873","Y-8",2
"intrepidity Cut","36ffc9a1443c2cc3","M-7",1
"shrouds final","51a852271344eefa","Q-1",1
"arms TAKEN","57a351040f9dd994","Z-1",3
"Air FIFE","0f20ec27eafbf872","Z-1",3
"subsequent reverenced","02c23d9c9e24ebc7","Q-1",3
"Cannon Yojo's","14b7d12a1ad8f54a","Z-1",1
"Huge produce","5ec84339c81f30ba","Q-1",3
"comrades piping","998d88f526977656","Z-1",3
"Seeing rocky","bb25a7b8e36b65f3","Z-1",3
"Satan's innate","7fb0995bfeba0c05","Y-8",3
"mariner speaker","a40f09259de92794","Y-8",3
"Terrors Trap!'","c54d1546271d5490","Y-8",3
"aspect; contradictory","4b5958281bffd174","Y-8",3
"Thine haint","361c97df37db222c","Q-5",3
"prejudices murderers","6bcd2ce4ffc2631e","Z-1",3
"selected AMONG","9f89832e3cfdb885","Y-8",3
"Mediterranean mightest","71f26a5a0da73ae0","Z-1",3
"weigh indiscretions","5b1452579f53cd6e","Z-1",3
"society man","833eef95629ed02d","M-7",3
"I'll--I'll--yes Without","54312999664c4982","Z-1",3
"heroes shuffling","566595ac76ea4dde","Z-1",3
"summoned Lank","dfd352591580a035","Y-8",3
"button extinct","2f96718e4d9ec585","Y-8",3
"besides next;","16a7a0d1764e0000","Y-8",3
"recorded hunch-backed","8f194a2bbfcd9a8f","Y-8",3
"vigilance men","33026e9369c3c7aa","Z-1",3
"Tropic SOMETHING","a5abc06f76d0388d","Y-8",3
"moose society","2e04767d5fbd9546","Z-1",3
"entry; undeliverable","423188abfe4a44ff","Y-8",3
"lays content","d4c95a9d78a01f52","Z-1",2
"Latin clamorous","c86f3d0d5ab344ab","Q-1",1
"book casting","f933d2065b36f336","Z-1",3
"It motionless","7aa8d6869741be94","Z-1",3
"fifties ushered","185f89a96df06e73","Z-1",3
"long-armed stubbornly","79204c31dd4f42ae","Y-8",3
"contrast; affronted","dec312cdb552593d","M-7",3
"De random","d49c9d707ed6f383","Y-8",3
"incredible finding","8fa98e798cb35f34","M-7",3
"clock 60","2051a38cbf2663cb","M-7",3
"Enter once","1f4f23476086aa6d","Z-1",3
"ourselves honouring","68bcf46eb42ca151","Z-1",3
"back-fin dubiously","c30da6ad5539b1ea","M-7",3
"Stammering warriors","2ab5feee6e543858","Q-5",2
"appellations; toes","ce4fd626d2284daf","Q-5",3
"streaked Humpback?","71472cc7d93ad505","Q-1",3
"Split shovels","e7da5fe8f0593d50","Z-1",3
"dood pursue","3695e8d213c08761","M-7",2
"Horrible hatches","68982a289d2adbe5","Z-1",3
"indiscretions taking","d840574e2145d0a4","Q-1",3
"apotheosis! Folgers","a0c4cabd55b8827d","M-7",3
"a-whaling? mean'st","ca7bbfcee4647cd8","Z-1",3
"saltcellar Often","dd6a01323fd720a5","Z-1",3
"DISSECTION pants","9ac13114da89d460","Y-8",3
"staves drained","b8ae88e2761e28f2","Z-1",3
"SKRIMSHANDER ottomans;","48643a3424badc9f","Y-8",3
"incontinently using","60f3bfee00ec6ba8","Z-1",3
"gore cook","5b783266399d2710","Z-1",2
"Corrected landlessness","5dc171e1b2ccec8c","Z-1",3
"gallows! untutored","2a73ceed420f00a0","Y-8",3
"wales dinner","154790548ced12cb","Q-5",3
"childish preserving","489c34eee067cacb","Z-1",3
"100000000 pouring","fef20cb95a45d053","M-7",3
"veteran half-pretending","159fd1d9324c694e","M-7",3
"babies subject;","628af53bdb1c19bc","Z-1",3
"unreasonably corner;","1ddeb89d1423c5a1","Z-1",3
"climbing Sing","1995c34cd539bfab","Z-1",3
"try magnitude:--The","3daaff6542e847ec","Z-1",3
"insulted overwhelming","7ac212839cf84fca","Z-1",3
"feed--Oh admirable","5e709ce300fe2064","Q-1",3
"single spite","fda11593367d9803","Z-1",3
"man-haters sleepe","76f04837306c5312","Z-1",3
"swarthy bringing","388f65519deb0037","Y-8",3
"smooth napkin","80947e4824ea96e4","M-7",3
"seeks reserved","29438e64e9327182","Q-1",3
"arches typing","2ef1c77d939ce942","M-7",3
"profundities April","0b4aa91ecd1cc9b2","Z-1",3
"woodlands grappling","c72667ed4e316f69","Z-1",3
"appal deftly","941f8921b2452f7c","Y-8",2
"fill port","88690a5adabae694","Q-1",3
"grown Wall","50f037a642ec2733","Z-1",3
"knotted wise","df7b4ced5c83169e","Y-8",3
"Logan convince","d4b0de9c212ba091","Z-1",3
"thirty-six High","e892d3456058865d","Q-1",3
"baleen whistling","b5f4bb38cb4b7475","M-7",1
"predecessors strike","0afd6760dc1a9fe6","Z-1",3
"Stop feel","03122e2c6b2a0f2c","Z-1",3
"Drink personified","e62d85dd802ada6e","Y-8",3
"unit water--something","2b7b6219cd2ba402","Y-8",1
"scorn; NUMBER","94922bbf11fa2bec","Y-8",3
"of? casement","7a7737f43e7ae3bc","Z-1",3
"Life mould","e10dfa76adb1bd5f","Y-8",3
"destined Jaffa","d7867d66602ea029","M-7",2
"sincerity arrested","021f6810407394d5","Q-5",3
"end? sadder","b4a1ea45848add80","Q-5",3
"wine politeness","c29142dded68ae20","Z-1",3
"advertised wounded","589855efbeb9dfb3","M-7",3
"sprat tread--an","1134961829d7044b","M-7",3
"ha! Joppa","d0e81a4325d7c921","Z-1",1
"talkest earnestness","966a029fc3c089bd","Q-1",3
"congealed Bridge","2087754977597cd2","M-7",1
"fight! suicides","b5343e581fa7e3bf","M-7",3
"--THOMAS Pequod--that","d44e56b18c1f7a96","M-7",3
"Christendom ratifying","7a5fdb3b0f1e52f2","Z-1",3
"preserved TAMBOURINE;","6ace88610549fa8d","Z-1",3
"FRENCH enjoyed","3fd822dc566a3fc1","Y-8",3
"actively stride","250954bbc6db8690","Y-8",3
"imagination congealed","4e7bcffa3926d96c","Z-1",3
"continents; Face!","8004b80ebe9e8133","Y-8",3
"grew mangrove","54128a5d84cd1b24","Z-1",3
"Quaker Peleg;","8af23ed1dcc7295a","Q-1",3
"glad-hearted FORECASTLE]","fd1300344f235a46","Q-1",3
"MENDING method","52c29b86fb19c81f","Y-8",3
"shelf PROGRESS","7a484440e036a2e1","M-7",3
"embarks apotheosis!","dd1f5b602b25638b","Z-1",2
"prepare shipmates","9ed9d71181c1fff9","Z-1",3
"pouch AND","391e42bab905ec9b","Y-8",1
"scarcely hands:","c59ae2aa73c40993","Z-1",1
"army bowels","23b47153229f26d5","M-7",3
"ye my","e26b4e858f93f11a","M-7",3
"reference rough","51b10b0870292ffa","Y-8",1
"aspect; set;","e31a84e5e3e362bf","Y-8",1
"shore marlinspikes","1bb4082146261916","Z-1",2
"Earls common;","7f1f3c124f7e0ee6","Q-1",1
"deserts--when December","3cf50ebebbd38813","Z-1",3
"limit quietly","ae75ac1dedc6e96b","Y-8",3
"lip! appal!","ffd7434ea4ae2f5e","Z-1",3
"withal Hussey","d539a4e5d68ae202","Z-1",3
"wont derived","0f31693a9cf92cfe","M-7",3
"bully viewing","fc75c4bf27795980","Z-1",3
"Himmalehan agony","614281db83d0b0f2","Z-1",1
"investiture Herein","a24e64c79ae84be0","Y-8",3
"contradictory cursed","5caff936dfbbaeb5","Z-1",3
"chuckled vitiated","e56337be54bd19a6","M-7",2
"chassee said--therefore","6f3715c0f99caf6c","Z-1",3
"restraint; name)","5460fd7ff997b8a9","Q-5",3
"anywhere departure","f3e3764e4293b029","Z-1",3
"Asia twelve-o'clock-at-night","02e3df0ef9f66814","Y-8",3
"puffs melt","58a79ad7a1a6f1ab","Y-8",3
"parade deliverance","73d7bdb1778509e7","M-7",3
"canoe washes","49e35d6fdfa75c65","Q-1",3
"Povelson changing","19c5ea733bc30635","Y-8",3
"main phraseology","fe4f8f9625991f98","M-7",3
"Corrected likes","fdcfd626d89ec46f","Z-1",3
"swords Her","77c6c25e07676996","Q-1",3
"eventually skies","c0a29b8e64d675e6","Z-1",3
"him--bolt outside;","099b3779b121d45b","Z-1",3
"THEIR appearances","7bd8e549521f4854","Z-1",3
"seizing around","81a00b604ff27809","M-7",3
"fundamental tipping","c17170ac3e95fd62","Y-8",3
"PRIMER lowly","9094472314d32a2c","Y-8",3
"sons piety","94e5d0935a845111","Y-8",3
"Quakeress coronation","a02fb19e0f0f1ac6","M-7",3
"imperfect blazing","8c1a888c3ba17871","Q-1",2
"voyage; custom","3d714131a80fe769","Q-5",3
"Bildad? Files","68a0b3e527b9d4ac","Z-1",3
"bethink punchbowl;--taking","f250e81b844fbf08","Y-8",3
"dwelling slid!","1c924aec69835970","Y-8",3
"returning letting","71147df196dadc57","Y-8",3
"look-out buttered","46751d1b5e8ea090","Y-8",3
"lungs THEOLOGY","372e42bbaa3dc0e4","Z-1",3
"leaping AZORE","494aa1e51ac578dd","Q-1",3
"Indian-file belong","8af315b369e33e66","Z-1",3
"Grampus's prosecution","42dac351f4e45501","M-7",3
"chapel; STANDING","89f5975f16a09776","Y-8",3
"tea oftenest","50937a794ead7872","Z-1",3
"extended D'ye","022590087e963525","Z-1",3
"decline promiscuously","31e53835086555af","Z-1",3
"to-night; scratch","771207c5dfccd787","Z-1",3
"crosswise contradicted","c385388ecaf3b88a","Q-1",3
"crockery wherever","8a6a49ce2a35875e","Z-1",3
"exceeding wound's","59dee6c6b700112b","Q-1",3
"established Originally","88a94b52374481e8","Y-8",3
"battle-fields sir--(ASIDE)","daf6b4d544148863","Y-8",2
"baker wall?","d1a00e6b087de03e","Y-8",1
"ox runs","af3ec838ff365166","Z-1",3
"SURVIVORS preacher's","e0bbb30580ea34c9","Z-1",1
"hungry crippled","732ee585d41571f0","Y-8",3
"insinuating halls","95cadcd2b3c4c48d","Z-1",3
"predestinated dedicated","739a4b526206101a","Z-1",3
"Pequod--that reasonable","4977375a7011d0ad","M-7",3
"malignity Killed","eae5d0646d848269","Q-1",3
"cabin craft--Bildad","65a0de6780c37a79","M-7",3
"mad? pursuers","a022b3f25c926acd","Q-1",3
"personally cared","f74a56b6d583d201","Y-8",3
"Sword-Fish?--this prodigious","f1cfe5d1c8d96218","Z-1",3
"smokers? midnight--how","0aad2030a0f752cf","Q-1",3
"strutting whalesmen","107effe00b27b45f","Y-8",3
"Whales forehead","01968c31d2a1428c","Z-1",3
"south--wherever hither","f17a840e841dfce3","Q-1",3
"saws; thought","ba389157d6346b72","Q-1",3
"lies ruin","837965c6bc45f299","Z-1",1
"poetical wake!","ad0aeebc89e8ad3c","Q-1",3
"WHALING? embattled","40d2dffc4901db9d","M-7",3
"gable-ended irons!","bb9801b1e29f6c48","M-7",1
"fiddle-headed safely","e8c91d9bf4be70d3","Z-1",2
"undeniable towing","d19de374b9e334d2","Z-1",3
"democracy draught","860a7de771776f24","Z-1",2
"offence sonorous","cdffc81f47df79a5","Y-8",3
"Jupiter; patrolling","87c206c2ef86ee01","M-7",1
"crosswise Where","04fee0296f7a412f","Q-5",3
"salamed nailing","a1fd723d6bfc7add","Z-1",3
"almighty baronial","a3f64fe1624d62cf","Z-1",3
"masts--cut preliminaries","a8037c7f51be019a","Q-1",3
"enemies unmitigated","d36ca1e70f07c214","Z-1",1
"infallibly unbroken","ae084079e337500c","Q-5",3
"boys Gather'd","cbda229e86c2428e","Z-1",3
"all--there's grub-worm","38f05f946e749c12","M-7",3
"wad (RIGHT","256815762801c270","M-7",3
"matter fear!","2481dcc66bc353c6","Z-1",3
"supply bull's","25d70474e74f37d6","Z-1",3
"accommodated nose","a356acefea7da3cf","Z-1",2
"pillar Likewise","513ed76dd7bedbcd","Z-1",3
"gallons hereby","2c241c2e82e10f63","Y-8",3
"bashful sleep'","e8c36fa5ae1d700e","Q-1",3
"stroke proceeded","75057da29b0d5981","Z-1",3
"kennel! None","239594b9d00ab1f2","Y-8",3
"hatchways crick","055d35fb6f7aa0be","Y-8",3
"extorting finny","d60888e80f1e7ccd","Z-1",3
"Commanders marches","3a7518411e842c8b","Q-1",3
"China; TALBOT","a79d1eba2734e474","Z-1",2
"doubts methinks","002f3775d84a816a","Z-1",2
"jingle names--a","a2b329c86273a2c0","M-7",3
"proper cheery","1de64cce342ed583","M-7",3
"1 grasp","800ccc693448fc4c","Q-1",3
"allurings eagle","abdc1f46b2527d5e","Z-1",3
"whale! unsurrenderable","075395dd2e83f99d","Q-5",3
"toes wearied","30c042e5f633ea12","M-7",2
"carted tied","755408f923bc2377","Z-1",3
"capacity whale-naturalists","fa9e1b602b98253f","M-7",3
"chief-mateship antique","664d9b53da7a6f91","Q-5",3
"complexion inference","7b8488a685e3d1a5","Z-1",2
"juncture Grant","c4495ba4b5eb8587","Q-1",3
"SISTER LAY--'","6177bb15a41f36d0","Z-1",3
"trap-hatch surprising","611ac0f69f684555","M-7",3
"special torments;","92163af750f571a3","Y-8",3
"seclusion 1850","a5dfb543c5729bf3","Z-1",3
"THEN contrivance","6e9e3f8755b014a7","Y-8",3
"unfailing wights","8329a609cffbe1cb","Q-1",3
"fully contradictory","ff6a79a3254d8ad5","Z-1",3
"announces heavily","df551a2f6abaaffa","Z-1",3
"Peleg; (FIN-BACK)--Under","1c4143077be03ab4","Q-1",3
"medicament extremely","11862d2d869936b2","M-7",1
"counters wire;","34086cec6eab6d75","Z-1",3
"lightly howled","d1cf7d6762a02f54","Y-8",3
"ancestress actively","f6f070ed1d1be2c6","Y-8",3
"poetical yawning","3b41224b02fd3192","Q-1",3
"Skin noises","1f72fced7aab4002","Z-1",3
"third occupied","4840bb3dd35c2354","Z-1",3
"comfort's circulation","fbc4ab28140576cf","Y-8",3
"revellers reckoning","786ba9d44f4f3944","Q-5",3
"glory: Tall-Spout","0ed448ece48e24cf","Z-1",3
"sire relieving","947489c8c3e0a1f3","Z-1",3
"castors guard","61160041b9ab0208","Q-1",3
"Nearly circumspection","fea0e9ec4ba5dfb0","Q-1",3
"againe Clootz","49dc557855f49ff4","Z-1",3
"lantern perisheth","734c083a397cbf48","Y-8",2
"enormous dismissed","88c2ed3dbc138f3d","Z-1",3
"choice throw","87d950dbd69c41bb","Y-8",1
"drags excellence","192342bdac53bf31","Y-8",3
"cocoanuts hereby;","4c45f7b48d86ccd8","M-7",3
"pitch-like carpet-bag","d0ed5d4e6ebcb589","Z-1",3
"bustles fabulous","b191fe3664a0c6a7","Z-1",3
"energy than","35abfd179ec70409","Z-1",3
"TO captain","de248476eec31bf2","Z-1",3
"Nantucket; system","aa8e5bbfc455ddd9","Q-1",3
"insect keenest","1fd999e93822ae8f","M-7",3
"mouth; artful","b5c004027abdefed","Z-1",3
"remains Vineyard","66fd04531729b0bc","Y-8",1
"moodiness milk;","03c89994dba76ce9","Y-8",3
"cove! random","018cc526b9da06f6","Q-5",3
"prestige call","d2ad95507ef6ddf1","M-7",3
"relieving activity","11eeb0180ec7a299","Q-1",3
"Mast-head goodly","82446f4ccec4e749","Y-8",3
"cursing Consider!","80f6c6dd93df51f3","Q-1",3
"ornamented turnpike","e123cbb10a54aa5f","Z-1",2
"revived shouts?","2442d862265b6f81","M-7",3
"animals nights--do","71cc78b6addcdc63","Q-1",3
"meeting-house? respond","42e45e59e6d3dcf1","Y-8",3
"--SIBBALD'S occupation","d862535438d4314c","M-7",3
"cylinders vain!","07d53efa8e531e15","Y-8",3
"houses --WEBSTER'S","15524d8a9d026bd9","Z-1",3
